category,place,bib,laps,time,lap1,lap2,lap3,lap4,lap5,lap6,lap7,lap8
Category 4 Open,1,381,6,44:54.50,07:08.96,07:25.98,07:26.31,07:35.83,07:40.71,07:36.72
Category 4 Open,2,395,5,39:41.99,07:14.12,08:06.37,08:16.50,07:56.40,08:08.61
Category 4 Open,3,172,5,39:45.59,07:37.52,07:55.45,08:04.41,07:59.67,08:08.55
Category 4 Open,4,275,5,40:32.18,07:38.45,08:10.06,08:29.79,08:01.71,08:12.18
Category 4 Open,5,373,4,39:45.17,09:01.34,09:46.20,10:21.90,10:35.73
Category 4 Open,6,428,4,40:30.83,08:58.68,10:38.13,10:26.41,10:27.63
Category 4 Open,7,143,1,13:20.57,13:20.57
Category 4 Masters Open 35+,1,269,6,45:32.33,06:32.30,07:49.29,07:45.81,07:48.90,07:50.77,07:45.27
Category 4 Masters Open 35+,2,272,6,46:56.06,06:25.67,07:59.29,08:00.96,07:58.06,08:14.10,08:18.00
Category 4 Masters Open 35+,3,329,5,39:11.00,06:34.01,07:57.43,08:09.69,08:07.71,08:22.18
Category 4 Masters Open 35+,4,300,5,39:28.28,06:31.55,08:03.88,08:08.46,08:18.36,08:26.05
Category 4 Masters Open 35+,5,322,5,41:24.41,07:06.50,08:16.71,08:30.96,08:46.96,08:43.29
Category 4 Masters Open 35+,6,204,5,41:49.31,07:04.79,08:23.74,08:35.94,08:47.64,08:57.21
Category 4 Masters Open 35+,7,6,5,42:31.73,07:00.41,08:23.31,08:52.71,09:06.60,09:08.70
Category 4 Masters Open 35+,8,209,5,43:05.36,07:12.56,08:26.80,09:13.74,09:21.34,08:50.94
Category 4 Masters Open 35+,9,431,5,43:41.42,07:13.40,09:14.62,09:04.92,09:12.70,08:55.80
Category 4 Masters Open 35+,10,69,5,44:33.74,07:36.17,09:07.68,09:09.66,09:15.36,09:24.87
Category 4 Masters Open 35+,11,41,5,45:07.79,07:16.13,09:06.10,09:27.24,09:44.79,09:33.54
Category 4 Masters Open 35+,12,248,4,42:26.48,09:05.39,10:18.51,11:00.76,12:01.83
Category 4 Masters Open 35+,13,389,4,47:57.50,10:32.75,12:20.40,12:31.77,12:32.58
Beginner Open,1,260,5,43:30.07,08:23.71,08:23.73,09:04.90,08:48.60,08:49.14
Beginner Open,2,375,4,47:53.95,10:48.43,11:48.15,12:26.01,12:51.36
Beginner Open,3,379,1,14:08.62,14:08.62
Masters 50+,1,345,6,39:17.98,04:26.32,06:47.94,06:55.86,06:59.40,07:01.84,07:06.63
Masters 50+,2,253,6,39:22.39,04:25.16,07:02.16,06:55.38,06:57.45,07:02.22,07:00.03
Masters 50+,3,49,6,39:36.79,04:26.65,06:51.69,06:59.07,07:04.56,07:06.72,07:08.10
Masters 50+,4,274,6,40:58.00,04:40.58,06:54.78,07:11.88,07:15.99,07:19.35,07:35.43
Masters 50+,5,150,6,41:31.96,04:45.02,07:11.46,07:28.12,07:16.35,07:31.29,07:19.74
Masters 50+,6,388,6,41:37.03,04:40.13,07:11.85,07:39.45,07:18.87,07:17.56,07:29.19
Masters 50+,7,405,6,41:37.45,04:59.72,07:16.02,07:25.02,07:09.81,07:18.75,07:28.14
Masters 50+,8,25,6,41:42.97,04:51.95,07:14.73,07:22.71,07:21.36,07:25.59,07:26.64
Masters 50+,9,81,6,41:49.36,04:45.28,07:14.14,07:22.20,07:30.39,07:33.12,07:24.24
Masters 50+,10,330,6,43:07.09,05:11.84,07:24.90,07:41.55,07:25.95,07:39.27,07:43.59
Masters 50+,11,318,6,43:19.63,05:20.87,07:20.55,07:37.59,07:44.52,07:41.40,07:34.71
Masters 50+,12,113,6,43:34.96,05:19.75,07:26.31,07:36.78,07:37.32,07:42.24,07:52.56
Masters 50+,13,311,6,43:43.60,05:27.88,07:21.90,07:39.54,07:41.61,07:51.42,07:41.25
Masters 50+,14,341,6,44:00.13,05:23.99,07:34.65,07:46.05,07:39.03,07:55.02,07:41.40
Masters 50+,15,19,6,45:59.47,05:20.33,07:58.32,08:13.23,08:17.37,08:10.80,07:59.43
Masters 50+,16,306,6,46:27.55,05:12.44,08:00.69,08:07.18,08:09.96,08:29.55,08:27.75
Masters 50+,17,212,5,39:02.44,05:29.62,08:11.97,08:21.01,08:35.88,08:23.97
Masters 50+,18,3,5,39:22.12,05:26.84,08:13.08,08:25.38,08:38.22,08:38.61
Masters 50+,19,270,5,42:25.90,06:05.29,08:49.30,09:01.31,09:22.17,09:07.83
Masters 50+,20,297,5,44:52.78,05:57.89,09:03.96,09:23.76,10:05.37,10:21.81
Masters 50+,21,96,5,44:58.24,06:18.83,09:03.27,09:11.13,10:15.06,10:09.96
Masters 50+,22,194,5,45:41.98,06:25.79,09:31.83,09:51.82,09:36.27,10:16.29
Masters 60+,1,53,6,43:56.45,05:49.14,07:30.36,07:33.33,07:45.15,07:42.78,07:35.70
Masters 60+,2,290,6,45:13.25,06:20.27,07:49.89,07:58.08,07:43.59,07:36.30,07:45.12
Masters 60+,3,152,6,46:33.08,06:10.50,07:52.05,07:47.22,08:08.88,08:12.87,08:21.57
Masters 60+,4,8,6,47:14.39,05:49.79,08:01.29,08:18.00,08:19.14,08:12.90,08:33.27
Masters 60+,5,56,5,40:17.63,06:30.32,08:32.16,08:20.59,08:35.97,08:18.61
Masters 60+,6,418,5,40:43.85,07:06.95,08:31.65,08:40.08,08:09.54,08:15.63
Masters 60+,7,393,5,41:40.70,06:45.21,08:42.30,08:43.92,08:51.30,08:37.98
Masters 60+,8,301,5,41:58.43,06:28.74,08:33.15,08:44.73,08:59.25,09:12.57
Masters 60+,9,78,5,42:04.04,06:47.09,08:44.97,08:53.46,08:47.97,08:50.55
Masters 60+,10,347,5,42:12.47,06:51.21,08:40.14,08:39.69,08:55.83,09:05.61
Masters 60+,11,241,5,44:11.03,08:08.61,09:04.18,08:51.57,09:04.29,09:02.40
Masters 60+,12,63,5,46:32.36,07:45.54,09:25.86,09:41.67,09:55.26,09:44.04
Masters 60+,13,16,5,46:34.73,07:27.20,09:56.61,09:56.31,09:43.59,09:31.02
Masters 60+,14,46,4,26:09.05,07:15.78,10:52.68,04:56.76,03:03.84
Masters 60+,15,281,4,47:10.34,08:35.22,12:42.24,12:05.70,13:47.19
Masters 70+,1,280,5,43:03.24,08:10.72,08:22.20,08:39.57,08:45.45,09:05.31
Masters 70+,2,151,5,44:07.77,08:11.74,08:54.78,08:51.93,09:01.62,09:07.71
Masters 70+,3,199,4,39:56.97,09:18.93,09:49.92,10:01.77,10:46.35
Masters 70+,4,308,4,42:36.27,10:33.57,10:38.31,10:51.72,10:32.67
Masters 70+,5,144,4,42:51.33,10:23.88,10:55.26,10:30.15,11:02.04
Category 3 Masters Open 35+,1,43,7,51:09.23,05:35.21,07:33.67,07:50.19,07:42.85,07:45.48,07:36.63,07:05.22
Category 3 Masters Open 35+,2,368,6,44:04.58,05:22.13,07:38.02,07:53.97,07:52.35,07:46.53,07:31.59
Category 3 Masters Open 35+,3,86,6,44:32.48,05:26.99,07:40.65,07:55.98,07:47.56,07:46.71,07:54.60
Category 3 Masters Open 35+,4,277,6,44:40.46,05:31.94,07:38.94,07:51.48,07:51.49,07:53.91,07:52.71
Category 3 Masters Open 35+,5,65,6,45:15.41,05:28.64,07:46.74,07:52.12,07:58.02,08:07.26,08:02.65
Category 3 Masters Open 35+,6,327,6,45:20.60,05:42.89,07:49.26,08:02.37,07:59.32,08:02.43,07:44.35
Category 3 Masters Open 35+,7,403,6,45:31.16,05:26.99,07:57.25,08:01.98,08:06.97,08:03.51,07:54.48
Category 3 Masters Open 35+,8,386,6,45:37.49,07:26.99,08:13.78,08:35.61,08:17.62,08:34.71,04:28.81
Category 3 Masters Open 35+,9,21,6,46:07.82,05:45.86,08:04.93,07:59.37,08:02.31,07:55.74,08:19.62
Category 3 Masters Open 35+,10,390,6,46:25.76,06:00.38,07:54.43,08:09.21,08:03.48,08:08.58,08:09.69
Category 3 Masters Open 35+,11,257,6,47:13.16,05:51.11,07:48.85,08:03.27,08:24.24,08:29.31,08:36.39
Category 3 Masters Open 35+,12,435,5,39:07.19,06:05.87,07:57.48,08:15.93,08:14.19,08:33.72
Category 3 Masters Open 35+,13,55,5,39:10.37,06:03.80,08:11.08,08:13.05,08:18.06,08:24.39
Category 3 Masters Open 35+,14,304,5,39:41.30,05:54.89,08:26.23,08:24.03,08:27.66,08:28.50
Category 3 Masters Open 35+,15,416,5,40:05.90,06:06.56,08:14.87,08:18.26,08:50.07,08:36.15
Category 3 Masters Open 35+,16,326,5,40:45.38,06:00.14,08:18.84,08:34.17,09:17.05,08:35.20
Category 3 Masters Open 35+,17,383,5,41:33.92,06:10.13,08:36.99,09:24.03,08:33.00,08:49.78
Category 3 Masters Open 35+,18,413,5,43:20.36,06:27.26,08:48.73,09:09.31,09:17.79,09:37.29
Category 3 Masters Open 35+,19,417,5,44:45.74,06:58.46,09:13.60,09:31.92,09:37.71,09:24.06
Clydesdale,1,414,5,39:30.95,06:37.52,07:53.64,08:07.38,08:13.32,08:39.09
Clydesdale,2,24,5,40:27.74,06:48.81,08:07.32,08:23.67,08:37.23,08:30.73
Clydesdale,3,402,5,42:22.97,07:40.76,08:25.44,08:43.59,08:49.08,08:44.10
Clydesdale,4,136,5,42:32.90,07:15.30,09:00.39,08:51.39,08:56.88,08:28.95
Clydesdale,5,350,5,42:39.65,07:26.88,08:50.76,09:04.02,08:48.87,08:29.13
Clydesdale,6,266,5,46:05.66,08:28.05,09:36.33,09:30.33,09:14.40,09:16.56
Clydesdale,7,278,5,47:08.33,08:12.45,09:36.30,09:39.15,09:47.37,09:53.07
Clydesdale,8,261,5,48:25.01,07:48.27,09:29.52,09:49.83,11:17.67,09:59.73
Clydesdale,9,213,4,47:38.81,13:28.79,10:33.60,12:25.11,11:11.31
Clydesdale,10,423,1,24:26.15,24:26.15
Junior Open 11-12,1,256,3,29:02.98,09:24.37,09:48.63,09:49.98
Junior Open 11-12,2,94,3,29:42.25,09:13.51,10:00.24,10:28.50
Junior Open 11-12,3,286,3,32:02.92,09:52.66,10:54.54,11:15.72
Category 3 Open,1,313,7,53:39.50,07:14.55,07:28.91,07:49.25,07:44.01,07:46.56,07:54.87,07:41.37
Category 3 Open,2,454,6,47:01.52,07:27.36,07:45.96,07:56.55,07:55.68,08:03.21,07:52.77
Category 3 Open,3,122,6,48:39.23,07:36.69,07:57.27,07:59.17,08:13.20,08:23.79,08:29.13
Category 3 Open,4,462,6,49:41.36,07:26.85,08:03.00,08:15.75,08:31.86,08:49.23,08:34.68
Category 3 Open,5,461,6,53:59.93,08:23.58,08:22.20,09:10.50,09:27.82,09:12.21,09:23.64
Junior Open 9-10,1,439,3,32:09.66,10:12.84,10:58.59,10:58.24
Junior Open 9-10,2,82,3,34:58.95,10:45.45,11:47.88,12:25.62
Junior Open 9-10,3,450,3,40:43.05,11:21.03,14:18.36,15:03.67
Junior Women 11-12,1,324,4,37:12.77,09:07.85,10:02.22,09:54.51,08:08.20
Junior Women 11-12,2,444,3,29:47.66,09:08.12,10:02.55,10:36.99
Junior Women 11-12,3,456,3,33:37.64,10:22.10,11:49.17,11:26.38
Junior Women 11-12,4,445,3,34:20.45,10:32.21,11:45.75,12:02.50
Junior Women 11-12,5,372,2,34:17.72,23:21.05,10:56.67
Category 1/2 Open,1,333,7,48:52.84,05:19.58,07:11.85,07:13.80,07:18.49,07:12.54,07:18.87,07:17.73
Category 1/2 Open,2,190,7,51:27.16,05:20.09,07:14.73,07:38.70,07:43.71,07:50.88,07:47.37,07:51.69
Category 1/2 Open,3,331,7,52:56.68,05:33.44,07:52.08,07:44.94,07:39.67,07:38.37,07:58.11,08:30.09
Category 1/2 Women,1,222,6,48:27.24,07:08.53,08:07.71,08:13.47,08:10.29,08:20.97,08:26.28
Category 1/2 Women,2,394,6,48:55.71,07:19.21,08:12.06,08:15.39,08:19.08,08:23.85,08:26.13
Category 1/2 Women,3,140,6,52:20.70,07:39.49,08:37.53,08:52.08,08:52.98,09:10.92,09:07.71
Category 1/2 Women,4,164,6,54:13.20,08:20.21,09:08.72,08:58.77,09:14.01,09:13.29,09:18.21
Category 1/2 Women,5,455,6,55:00.84,08:29.32,08:59.34,09:12.72,09:32.55,09:21.54,09:25.38
Category 1/2 Women,6,427,5,50:17.40,09:07.42,09:59.10,10:30.55,10:08.58,10:31.77
Category 1/2 Masters Open 35+,1,425,7,51:40.30,06:15.50,07:23.22,07:24.00,07:38.16,07:32.82,07:39.45,07:47.16
Category 1/2 Masters Open 35+,2,448,7,52:07.90,06:01.97,07:36.42,07:39.24,07:37.15,07:42.42,07:39.57,07:51.15
Category 1/2 Masters Open 35+,3,458,7,53:29.02,06:18.59,07:35.85,07:45.36,07:57.00,07:57.34,07:54.84,08:00.06
Category 1/2 Masters Open 35+,4,18,7,54:49.66,06:27.44,07:38.76,07:51.81,08:05.83,08:14.82,08:10.26,08:20.76
Category 1/2 Masters Open 35+,5,123,6,46:58.12,06:23.21,07:57.66,08:05.70,08:13.98,08:24.15,07:53.43
Category 1/2 Masters Open 35+,6,434,6,48:04.87,06:19.04,08:23.73,08:22.68,08:17.19,08:19.03,08:23.22
Category 1/2 Masters Open 35+,7,273,6,49:03.04,06:45.74,08:18.36,08:22.39,08:35.97,08:25.32,08:35.28
Category 1/2 Masters Open 35+,8,463,6,49:10.60,06:24.41,08:25.50,09:43.36,08:02.37,08:05.40,08:29.58
Category 1/2 Masters Open 35+,9,160,6,49:25.42,07:02.84,08:21.72,08:23.64,08:30.52,08:24.09,08:42.63
Category 1/2 Masters Open 35+,10,93,6,49:36.22,06:47.39,08:19.83,08:28.77,08:39.21,08:44.10,08:36.93
Category 1/2 Masters Open 35+,11,464,6,50:19.51,06:42.50,08:17.46,08:43.92,08:40.32,09:00.99,08:54.33
Category 1/2 Masters Open 35+,12,460,6,50:24.43,06:45.95,08:24.90,08:48.03,08:30.75,09:08.25,08:46.56
Category 1/2 Masters Open 35+,13,161,6,53:11.80,07:11.33,08:47.94,09:06.51,09:28.95,09:20.85,09:16.23
Category 1/2 Masters Open 35+,14,421,3,23:18.14,06:32.06,08:02.67,08:43.41
Beginner Women,1,134,4,39:25.62,09:31.26,10:08.10,09:53.31,09:52.96
Beginner Women,2,343,3,31:26.39,09:34.95,10:26.25,11:25.20
Beginner Women,3,340,3,31:44.36,09:34.80,10:37.59,11:31.98
Category 3 Women,1,441,6,55:29.01,08:22.03,09:12.06,09:17.56,09:23.70,09:31.44,09:42.24
Category 4 Women,1,314,4,35:13.11,07:58.96,08:57.00,09:03.96,09:13.20
Category 4 Women,2,436,4,35:20.28,08:43.87,08:46.23,08:59.16,08:51.03
Category 4 Women,3,429,4,37:03.90,08:46.27,09:18.96,09:30.33,09:28.35
Category 4 Women,4,346,4,38:32.34,09:16.66,09:32.40,09:55.29,09:48.00
Category 4 Women,5,339,4,41:19.98,09:35.35,10:09.21,10:43.08,10:52.35
Category 4 Women,6,2,3,32:41.01,10:29.32,11:10.50,11:01.20
Category 4 Women,7,211,3,33:24.07,10:27.22,11:38.28,11:18.57
Category 3 Masters Women 35+,1,397,4,32:52.74,06:25.06,08:55.83,08:53.19,08:38.67
Category 3 Masters Women 35+,2,351,4,32:54.27,06:25.45,08:48.63,09:01.44,08:38.76
Category 3 Masters Women 35+,3,133,4,33:02.29,06:22.51,09:04.59,08:50.49,08:44.71
Category 3 Masters Women 35+,4,74,4,34:01.20,06:40.18,08:54.36,09:14.88,09:11.79
Category 3 Masters Women 35+,5,250,4,35:06.67,06:33.01,09:16.44,09:37.29,09:39.94
Category 3 Masters Women 35+,6,271,4,35:33.00,07:19.45,09:33.54,09:20.79,09:19.23
Category 3 Masters Women 35+,7,29,4,36:57.30,06:49.30,09:52.41,10:09.81,10:05.79
Category 3 Masters Women 35+,8,433,4,38:26.26,07:11.38,09:59.82,10:46.23,10:28.83
Masters Women 50+,1,401,4,33:44.98,07:23.38,08:38.16,08:48.82,08:54.63
Masters Women 50+,2,364,4,35:02.56,07:10.15,09:04.98,09:30.90,09:16.53
Masters Women 50+,3,407,4,35:23.43,07:24.94,09:05.34,09:26.61,09:26.55
Masters Women 50+,4,380,4,38:24.06,08:02.35,09:47.56,10:12.51,10:21.66
Masters Women 60+,1,32,4,35:32.32,08:04.49,09:14.44,09:15.93,08:57.48
Masters Women 60+,2,111,4,35:32.80,07:59.45,09:15.93,09:15.90,09:01.53
Masters Women 60+,3,282,4,37:27.61,08:30.56,09:30.15,09:52.14,09:34.77
Masters Women 60+,4,411,4,39:22.76,08:44.63,09:42.81,10:12.33,10:43.00
Athenas,1,334,4,39:22.83,08:27.10,10:15.99,10:23.10,10:16.65
Athenas,2,33,4,41:06.16,08:53.95,10:25.62,10:48.21,10:58.38
Athenas,3,39,3,32:24.67,09:39.52,11:04.68,11:40.47
Athenas,4,40,3,33:13.09,09:39.82,11:54.21,11:39.06
Athenas,5,244,2,31:48.48,14:50.26,16:58.23
Singlespeed Open,1,242,6,43:14.42,05:40.62,07:09.84,07:18.51,07:22.89,07:31.11,08:11.46
Singlespeed Open,2,424,6,43:39.89,05:54.12,07:26.79,07:32.91,07:25.80,07:40.56,07:39.72
Singlespeed Open,3,438,6,45:35.77,06:00.77,07:35.00,08:08.00,07:02.00,08:45.00,08:05.00
Singlespeed Open,4,370,6,46:36.96,06:22.65,07:51.42,07:56.91,08:13.59,08:09.64,08:02.76
Singlespeed Open,5,26,6,46:58.23,06:36.93,07:55.47,08:03.21,08:10.89,08:05.46,08:06.28
Singlespeed Open,6,173,6,48:01.37,06:25.05,07:58.26,08:08.61,08:10.44,08:19.38,08:59.64
Singlespeed Open,7,446,5,41:24.17,07:04.95,08:22.86,08:36.90,08:31.14,08:48.33
Singlespeed Open,8,263,5,41:42.26,06:58.53,08:25.35,08:44.10,08:56.37,08:37.92
Singlespeed Open,9,312,5,41:54.99,06:48.30,08:07.23,08:30.15,09:01.53,09:27.79
Singlespeed Open,10,365,5,41:59.58,07:28.26,08:27.54,08:33.69,08:45.15,08:44.95
Singlespeed Open,11,408,5,42:00.65,07:09.09,08:41.22,08:46.11,08:45.96,08:38.28
Singlespeed Open,12,452,5,42:26.00,08:31.14,08:03.66,08:10.38,08:41.76,08:59.07
Singlespeed Open,13,305,5,43:00.59,07:28.44,08:30.10,08:49.35,09:07.02,09:05.71
Singlespeed Open,14,443,5,44:25.10,07:40.77,08:45.30,09:12.90,09:35.49,09:10.65
Singlespeed Open,15,384,5,44:59.00,07:34.74,08:47.40,08:57.45,09:39.15,10:00.27
Singlespeed Open,16,437,5,49:04.52,08:15.36,10:02.16,09:53.22,10:46.35,10:07.44
Singlespeed Open,17,451,5,49:15.56,07:54.78,09:48.09,10:21.60,10:36.99,10:34.11
Singlespeed Open,18,447,4,40:38.60,07:43.71,09:11.22,09:38.89,14:04.80
Singlespeed Open,19,267,4,46:17.49,09:26.49,13:20.13,11:23.70,12:07.17
Singlespeed Open,20,422,2,37:41.82,07:35.52,30:06.31
Singlespeed Women,1,223,5,40:24.73,07:31.13,08:18.57,08:02.91,08:07.74,08:24.39
Singlespeed Women,2,287,5,41:35.17,07:32.51,08:17.52,08:29.19,08:41.37,08:34.59
Singlespeed Women,3,369,5,43:57.49,07:41.75,08:35.52,08:54.21,09:19.44,09:26.58
Singlespeed Women,4,328,5,44:59.20,08:39.68,09:06.96,08:59.58,08:58.56,09:14.43
Singlespeed Women,5,45,5,46:03.86,08:07.67,09:08.10,09:28.05,09:41.10,09:38.95
Singlespeed Women,6,31,5,47:11.56,08:35.48,09:16.80,09:35.82,09:43.77,09:59.70
Singlespeed Women,7,426,4,39:57.04,08:38.60,09:41.19,11:01.35,10:35.91
Singlespeed Women,8,453,4,40:36.04,09:32.09,10:26.82,10:23.16,10:13.98
Singlespeed Women,9,251,4,41:13.45,10:08.69,10:09.78,10:21.81,10:33.18
Singlespeed Women,10,409,4,42:55.57,10:10.25,10:40.53,10:41.49,11:23.31
Vintage,1,30,5,44:15.51,08:01.05,08:52.89,08:48.36,09:04.26,09:28.95
Unicycles,1,356,1,09:22.97,09:22.97
Unicycles,2,362,1,12:15.08,12:15.08
Unicycles,3,262,1,13:11.00,13:11.00
Unicycles,4,361,1,13:42.56,13:42.56
Unicycles,5,406,1,13:46.67,13:46.67
Unicycles,6,398,1,14:35.39,14:35.39
Tracklocross,1,88,5,40:25.87,07:40.15,08:16.02,08:13.56,08:07.41,08:08.73
Tracklocross,2,430,5,46:08.01,08:42.94,09:07.86,09:18.75,09:33.45,09:25.02
Tracklocross,3,295,5,47:02.70,09:08.95,09:35.85,09:36.06,09:33.16,09:08.70
Tracklocross,4,200,5,47:06.27,09:23.38,09:44.70,09:16.77,09:23.83,09:17.61
Masters Women 70+,1,14,3,33:22.00,10:08.71,11:24.78,11:48.51
Masters 80+,1,105,4,45:04.79,10:10.67,10:25.38,10:47.19,13:41.55
Masters 80+,2,292,2,24:20.81,10:11.42,14:09.39
Junior Open 13-14,1,276,4,32:40.43,06:52.43,08:32.64,08:31.20,08:44.17
Junior Open 13-14,2,459,4,36:10.67,08:08.09,09:07.05,09:33.76,09:21.78
Junior Open 13-14,3,70,4,38:52.73,09:55.28,11:21.30,10:46.89,06:49.27
Junior Open 13-14,4,442,3,35:37.82,10:23.45,12:15.12,12:59.26
Junior Open 15-16,1,449,5,39:36.84,06:32.22,07:53.40,08:22.38,08:30.21,08:18.63
Junior Open 15-16,2,285,4,31:35.61,06:37.08,08:13.38,08:18.96,08:26.19
Junior Open 17-18,1,377,3,39:43.02,10:54.27,13:52.86,14:55.89
Junior Women 13-14,1,315,4,35:09.77,07:30.47,09:06.48,09:16.86,09:15.97
Junior Women 13-14,2,307,3,38:41.51,11:14.96,13:40.47,13:46.08
Running Race,1,243,2,00:18:59,00:09:21,00:09:37
